Price,Lokasi,Tipe,Group,Luas Bangunan,Luas Tanah,Sertifikat,Furnish
"Rp 2,6 Miliar","Kalimantan Timur, Samarinda, Samarinda Utara",Rumah,Secondary,172 m2,210 m2,SHM,Semi-furnished
Rp 875 Juta,"Kalimantan Timur, Samarinda, Samarinda Utara",Rumah,Secondary,57 m2,200 m2,SHM,-
Rp 600 Juta,"Kalimantan Timur, Samarinda, Samarinda Ilir",Rumah,Secondary,115 m2,235 m2,SHM,-
"Rp 1,6 Miliar","Kalimantan Timur, Samarinda, Samarinda Ulu",Rumah,Secondary,220 m2,135 m2,SHM,-
"Rp 2,2 Miliar","Kalimantan Timur, Samarinda, Samarinda Kota",Rumah,Secondary,140 m2,184 m2,SHM,Non-furnished
Rp 445 Juta,"Kalimantan Timur, Samarinda, Samarinda Seberang",Rumah,Secondary,36 m2,91 m2,HGB,-
Rp 459 Juta,"Kalimantan Timur, Samarinda, Samarinda Seberang",Rumah,Primary,40 m2,91 m2,HGB,-
"Rp 2,5 Miliar","Kalimantan Timur, Samarinda, Samarinda Kota",Rumah,Secondary,180 m2,285 m2,HGB,Non-furnished
"Rp 3,08 Miliar","Kalimantan Timur, Samarinda, Samarinda Seberang",Rumah,Secondary,225 m2,276 m2,SHM,Semi-furnished
"Rp 1,95 Miliar","Kalimantan Timur, Samarinda, Sungai Kunjang",Rumah,Secondary,186 m2,292 m2,SHM,Semi-furnished
Rp 20 Miliar,"Kalimantan Timur, Samarinda, Samarinda Ulu",Rumah,Secondary,270 m2,1146 m2,SHM,-
"Rp 2,3 Miliar Rp 60 Juta","Kalimantan Timur, Samarinda, Samarinda Ulu",Rumah,Secondary,198 m2,198 m2,SHM,Fully-furnished
"Rp 1,5 Miliar","Kalimantan Timur, Samarinda, Samarinda Ulu",Rumah,Secondary,150 m2,150 m2,SHM,Non-furnished
"Rp 2,5 Miliar","Kalimantan Timur, Samarinda, Samarinda Ulu",Rumah,Primary,149 m2,144 m2,SHM,Non-furnished
"Rp 3,4 Miliar","Kalimantan Timur, Samarinda, Samarinda Ulu",Rumah,Secondary,500 m2,375 m2,SHM,-
Rp 960 Juta,"Kalimantan Timur, Samarinda, Samarinda Ilir",Rumah,Secondary,120 m2,150 m2,SHM,-
"Rp 2,45 Miliar","Kalimantan Timur, Samarinda, Samarinda Kota",Rumah,Secondary,140 m2,105 m2,SHM,Non-furnished
Rp 980 Juta,"Kalimantan Timur, Samarinda, Samarinda Ulu",Rumah,Secondary,268 m2,140 m2,SHM,Semi-furnished
"Rp 1,2 Miliar","Kalimantan Timur, Samarinda, Samarinda Ulu",Rumah,Primary,82 m2,72 m2,HGB,Non-furnished
Rp 800 Juta,"Kalimantan Timur, Samarinda, Samarinda Utara",Rumah,Secondary,40 m2,120 m2,HGB,-
"Rp 2,4 Miliar","Kalimantan Timur, Samarinda, Samarinda Utara",Rumah,Secondary,300 m2,212 m2,SHM,-
"Rp 3,5 Miliar","Kalimantan Timur, Samarinda, Sungai Kunjang",Rumah,Secondary,680 m2,544 m2,SHM,-
Rp 670 Juta,"Kalimantan Timur, Samarinda, Sungai Pinang",Rumah,Secondary,60 m2,84 m2,SHM,-
"Rp 1,1 Miliar","Kalimantan Timur, Samarinda, Samarinda Ilir",Rumah,Secondary,100 m2,120 m2,SHM,-
"Rp 1,4 Miliar","Kalimantan Timur, Samarinda, Samarinda Ulu",Rumah,Secondary,1930 m2,17949 m2,SHM,-
"Rp 2,75 Miliar","Kalimantan Timur, Samarinda, Samarinda Ulu",Rumah,Primary,140 m2,184 m2,SHM,-
Rp 5 Miliar,"Kalimantan Timur, Samarinda, Samarinda Ulu",Rumah,Secondary,360 m2,314 m2,HGB,-
"Rp 1,6 Miliar","Kalimantan Timur, Samarinda, Samarinda Utara",Rumah,-,480 m2,160 m2,SHM,-
Rp 440 Juta,"Kalimantan Timur, Samarinda, Sungai Pinang",Rumah,Secondary,40 m2,60 m2,SHM,Semi-furnished
"Rp 2,8 Miliar","Kalimantan Timur, Samarinda, Samarinda Ulu",Rumah,Secondary,260 m2,256 m2,SHM,Non-furnished
Rp 930 Juta,"Kalimantan Timur, Samarinda, Samarinda Ulu",Rumah,Primary,38 m2,97 m2,SHM,-
Rp 890 Juta,"Kalimantan Timur, Samarinda, Samarinda Kota",Rumah,Secondary,320 m2,160 m2,SHM,-
Rp 8 Miliar,"Kalimantan Timur, Samarinda, Sungai Kunjang",Rumah,Secondary,160 m2,558 m2,SHM,Non-furnished
"Rp 1,62 Miliar","Kalimantan Timur, Samarinda, Samarinda Utara",Rumah,Primary,84 m2,105 m2,SHM,Non-furnished
"Rp 2,5 Miliar","Kalimantan Timur, Samarinda, Samarinda Utara",Rumah,Secondary,400 m2,200 m2,SHM,-
Rp 4 Miliar,"Kalimantan Timur, Samarinda, Samarinda Ulu",Rumah,Secondary,120 m2,540 m2,SHM,-
"Rp 3,9 Miliar","Kalimantan Timur, Samarinda, Samarinda Utara",Rumah,Secondary,400 m2,300 m2,SHM,-
"Rp 2,08 Miliar","Kalimantan Timur, Samarinda, Samarinda Kota",Rumah,Primary,93 m2,140 m2,HGB,Fully-furnished
Rp 400 Juta,"Kalimantan Timur, Samarinda, Samarinda Kota",Rumah,Secondary,20 m2,106 m2,SHM,Non-furnished
"Rp 1,85 Miliar","Kalimantan Timur, Samarinda, Samarinda Ilir",Rumah,Secondary,80 m2,193 m2,SHM,Non-furnished
Rp 480 Juta,"Kalimantan Timur, Samarinda, Samarinda Kota",Rumah,Secondary,110 m2,110 m2,SHM,Semi-furnished
Rp 570 Juta,"Kalimantan Timur, Samarinda, Samarinda Kota",Rumah,Secondary,90 m2,38 m2,SHM,Semi-furnished
"Rp 1,01 Miliar","Kalimantan Timur, Samarinda, Sungai Pinang",Rumah,-,45 m2,126 m2,HGB,-
"Rp 1,06 Miliar","Kalimantan Timur, Samarinda, Sungai Pinang",Rumah,-,34 m2,150 m2,HGB,-
"Rp 1,35 Miliar","Kalimantan Timur, Samarinda, Samarinda Kota",Rumah,-,120 m2,200 m2,SHM,-
"
Rp 1,5 Miliar
","Kalimantan Timur, Samarinda, Sungai Pinang",Rumah,-,84 m2,105 m2,SHM,-
"Rp 1,2 Miliar","Kalimantan Timur, Samarinda, Sungai Pinang",Rumah,-,176 m2,144 m2,HGB,-
Rp 7 Miliar,"Kalimantan Timur, Samarinda, Samarinda Kota",Rumah,-,350 m2,408 m2,SHM,-
"Rp 8,5 Miliar","Kalimantan Timur, Samarinda, Sungai Pinang",Rumah,-,403 m2,873 m2,SHM,-
Rp 850 Juta,"Kalimantan Timur, Samarinda, Samarinda Kunjang",Rumah,Secondary,200 m2,100 m2,SHM,Non-furnished
"Rp 2,7 Miliar","Kalimantan Timur, Samarinda, Samarinda Kota",Rumah,Secondary,150 m2,200 m2,SHM,-
"Rp 1,65 Miliar","Kalimantan Timur, Samarinda, Samarinda Ulu",Rumah,Secondary,100 m2,167 m2,SHM,Semi-furnished
"Rp 1,05 Miliar","Kalimantan Timur, Samarinda, Samarinda Utara",Rumah,-,67 m2,120 m2,SHM,-
"Rp 1,7 Miliar","Kalimantan Timur, Samarinda, Sungai Pinang",Rumah,-,120 m2,105 m2,SHM,-
"Rp 2,2 Miliar","Kalimantan Timur, Samarinda, Sungai Pinang",Rumah,-,135 m2,214 m2,SHM,-
"Rp 1,7 Miliar","Kalimantan Timur, Samarinda, Sungai Pinang",Rumah,-,122 m2,128 m2,SHM,-
Rp 850 Juta,"Kalimantan Timur, Samarinda, Sambutan",Rumah,Secondary,400 m2,255 m2,SHM,Semi-furnished
"Rp 5,5 Miliar","Kalimantan Timur, Samarinda, Samarinda Ulu",Rumah,-,380 m2,444 m2,SHM,-
"Rp 1,75 Miliar Rp 60 Juta","Kalimantan Timur, Samarinda, Sungai Pinang",Rumah,Secondary,90 m2,128 m2,SHM,Non-furnished
"Rp 1,5 Miliar","Kalimantan Timur, Samarinda, Loa Janan Ilir",Rumah,Secondary,150 m2,356 m2,SHM,-
"Rp 3,5 Miliar","Kalimantan Timur, Samarinda, Samarinda Utara",Rumah,Primary,200 m2,243 m2,SHM,-
Rp 650 Juta,"Kalimantan Timur, Samarinda, Samarinda Seberang",Rumah,-,136 m2,213 m2,Lain-lain,-
"Rp 2,5 Miliar Rp 75 Juta","Kalimantan Timur, Samarinda, Samarinda Ulu",Rumah,-,250 m2,300 m2,SHM,-
Rp 5 Miliar,"Kalimantan Timur, Samarinda, Sungai Pinang",Rumah,-,391 m2,391 m2,SHM,-
Rp 500 Juta,"Kalimantan Timur, Samarinda, Samarinda Seberang",Rumah,-,100 m2,150 m2,SHM,-
"Rp 1,6 Miliar","Kalimantan Timur, Samarinda, Samarinda Utara",Rumah,-,90 m2,200 m2,SHM,-
Rp 850 Juta,"Kalimantan Timur, Samarinda, Samarinda Kota",Rumah,-,129 m2,150 m2,SHM,-
"Rp 1,44 Miliar","Kalimantan Timur, Samarinda, Samarinda Kota",Rumah,-,243 m2,552 m2,SHM,-
"Rp 1,3 Miliar","Kalimantan Timur, Samarinda, Samarinda Ulu",Rumah,-,200 m2,200 m2,SHM,-
Rp 3 Miliar,"Kalimantan Timur, Samarinda, Sungai Kunjang",Rumah,Secondary,320 m2,240 m2,HGB,-
"Rp 837,19 Juta","Kalimantan Timur, Samarinda, Sungai Pinang",Rumah,-,34 m2,96 m2,HGB,-
"Rp 1,54 Miliar","Kalimantan Timur, Samarinda, Samarinda Ulu",Rumah,-,45 m2,140 m2,HGB,-
Rp 800 Juta,"Kalimantan Timur, Samarinda, Samarinda Ulu",Rumah,Secondary,105 m2,120 m2,SHM,-
"Rp 704,35 Juta","Kalimantan Timur, Samarinda, Loa Janan Ilir",Rumah,-,38 m2,108 m2,HGB,-
"Rp 1,8 Miliar","Kalimantan Timur, Samarinda, Samarinda Ulu",Rumah,Secondary,100 m2,150 m2,SHM,Fully-furnished
Rp 950 Juta,"Kalimantan Timur, Samarinda, Samarinda Utara",Rumah,Secondary,120 m2,120 m2,SHM,Semi-furnished
Rp 388 Juta,"Kalimantan Timur, Samarinda, Samarinda Seberang",Rumah,-,145 m2,160 m2,SHM,-
"Rp 1,5 Miliar","Kalimantan Timur, Samarinda, Samarinda Utara",Rumah,-,150 m2,120 m2,SHM,-
"Rp 2,08 Miliar","Kalimantan Timur, Samarinda, Sungai Pinang",Rumah,Primary,93 m2,140 m2,HGB,Non-furnished
"Rp 1,4 Miliar","Kalimantan Timur, Samarinda, Samarinda Ulu",Rumah,Secondary,75 m2,150 m2,SHM,-
"Rp 1,55 Miliar Rp 55 Juta","Kalimantan Timur, Samarinda, Samarinda Ulu",Rumah,Secondary,170 m2,200 m2,SHM,-
"Rp 560,12 Juta","Kalimantan Timur, Samarinda, Samarinda Seberang",Rumah,-,39 m2,72 m2,HGB,-
"Rp 3,5 Miliar","Kalimantan Timur, Samarinda, Samarinda Kota",Rumah,Secondary,400 m2,367 m2,SHM,-
"Rp 1,4 Miliar","Kalimantan Timur, Samarinda, Samarinda Ulu",Rumah,-,187.5 m2,150 m2,SHM,-
"Rp 1,6 Miliar Rp 45 Juta","Kalimantan Timur, Samarinda, Sungai Pinang",Rumah,Secondary,59 m2,105 m2,HGB,Semi-furnished
"Rp 2,98 Miliar","Kalimantan Timur, Samarinda, Sungai Pinang",Rumah,Primary,186 m2,180 m2,SHM,Non-furnished
"Rp 2,2 Miliar","Kalimantan Timur, Samarinda, Samarinda Ulu",Rumah,Secondary,172 m2,150 m2,SHM,Non-furnished
"Rp 2,1 Miliar Rp 45 Juta","Kalimantan Timur, Samarinda, Sungai Pinang",Rumah,-,89 m2,227 m2,SHM,-
"Rp 2,08 Miliar","Kalimantan Timur, Samarinda, Sungai Pinang",Rumah,Primary,93 m2,140 m2,HGB,Non-furnished
Rp 450 Juta,"Kalimantan Timur, Samarinda, Samarinda Seberang",Rumah,Secondary,100 m2,150 m2,Lain-lain,-
Rp 6 Miliar,"Kalimantan Timur, Samarinda, Samarinda Ulu",Rumah,Secondary,269 m2,246 m2,SHM,Semi-furnished
"Rp 1,2 Miliar","Kalimantan Timur, Samarinda, Samarinda Utara",Rumah,Primary,81.63 m2,72 m2,SHM,-
Rp 27 Miliar,"Kalimantan Timur, Samarinda, Samarinda Kota",Rumah,Secondary,800 m2,1750 m2,SHM,Non-furnished
Rp 5 Miliar,"Kalimantan Timur, Samarinda, Samarinda Kota",Rumah,Secondary,220 m2,288 m2,SHM,-
"Rp 2,2 Miliar","Kalimantan Timur, Samarinda, Samarinda Kunjang",Rumah,Secondary,120 m2,447 m2,SHM,Semi-furnished
"
Rp 3 Miliar
","Kalimantan Timur, Samarinda, Samarinda Utara",Rumah,-,282 m2,382 m2,SHM,-
"Rp 3,56 Miliar","Kalimantan Timur, Samarinda, Samarinda Kota",Rumah,Primary,197 m2,225 m2,HGB,Non-furnished
"Rp 2,98 Miliar","Kalimantan Timur, Samarinda, Samarinda Kota",Rumah,Primary,186 m2,180 m2,HGB,Non-furnished
"Rp 2,08 Miliar","Kalimantan Timur, Samarinda, Samarinda Utara",Rumah,Primary,93 m2,140 m2,HGB,Non-furnished
Rp 400 Juta,"Kalimantan Timur, Samarinda, Samarinda Utara",Rumah,Secondary,80 m2,100 m2,SHM,Fully-furnished
Rp 920 Juta,"Kalimantan Timur, Samarinda, Samarinda Ulu",Rumah,-,38 m2,98 m2,HGB,-
"Rp 621,04 Juta","Kalimantan Timur, Samarinda, Loa Janan Ilir",Rumah,-,45 m2,105 m2,PPJB,-
"Rp 853,67 Juta","Kalimantan Timur, Samarinda, Loa Janan Ilir",Rumah,-,57 m2,120 m2,PPJB,-
Rp 816 Juta,"Kalimantan Timur, Samarinda, Loa Janan Ilir",Rumah,Primary,48 m2,105 m2,HGB,Non-furnished
"Rp 1,51 Miliar","Kalimantan Timur, Samarinda, Loa Janan Ilir",Rumah,Primary,96 m2,201 m2,HGB,Non-furnished
"Rp 2,26 Miliar","Kalimantan Timur, Samarinda, Loa Janan Ilir",Rumah,Primary,157 m2,280 m2,HGB,Non-furnished
"Rp 1,57 Miliar","Kalimantan Timur, Samarinda, Loa Janan Ilir",Rumah,Primary,110 m2,215 m2,HGB,Non-furnished
Rp 548 Juta,"Kalimantan Timur, Samarinda, Loa Janan Ilir",Rumah,Primary,27 m2,84 m2,HGB,Non-furnished
Rp 970 Juta,"Kalimantan Timur, Samarinda, Samarinda Utara",Rumah,Secondary,90 m2,98 m2,SHM,Semi-furnished
"Rp 3,6 Miliar","Kalimantan Timur, Samarinda, Samarinda Kota",Rumah,Secondary,250 m2,320 m2,SHM,Semi-furnished
"Rp 1,3 Miliar","Kalimantan Timur, Samarinda, Samarinda Utara",Rumah,Secondary,200 m2,298 m2,SHM,-
Rp 475 Juta,"Kalimantan Timur, Samarinda, Samarinda Utara",Rumah,Secondary,45 m2,120 m2,SHM,Semi-furnished
"Rp 1,5 Miliar","Kalimantan Timur, Samarinda, Sungai Pinang",Rumah,Secondary,124 m2,162 m2,SHM,-
Rp 800 Juta,"Kalimantan Timur, Samarinda, Sambutan",Rumah,Secondary,63 m2,200 m2,Lain-lain,-
"Rp 4,9 Miliar","Kalimantan Timur, Samarinda, Samarinda Utara",Rumah,Secondary,450 m2,300 m2,SHM,-
"Rp 1,6 Miliar","Kalimantan Timur, Samarinda, Samarinda Kota",Rumah,Secondary,380 m2,400 m2,SHM,Semi-furnished
Rp 3 Miliar,"Kalimantan Timur, Samarinda, Samarinda Kota",Rumah,Secondary,180 m2,330 m2,SHM,-
Rp 1 Miliar,"Kalimantan Timur, Samarinda, Sungai Pinang",Rumah,Secondary,230 m2,150 m2,SHM,-
"Rp 3,56 Miliar","Kalimantan Timur, Samarinda, Samarinda Kota",Rumah,Primary,197 m2,225 m2,HGB,-
"Rp 499,06 Juta","Kalimantan Timur, Samarinda, Loa Janan Ilir",Rumah,-,39 m2,72 m2,PPJB,-
"Rp 1,6 Miliar","Kalimantan Timur, Samarinda, Samarinda Ulu",Rumah,-,200 m2,300 m2,SHM,-
"Rp 1,5 Miliar","Kalimantan Timur, Samarinda, Loa Janan Ilir",Rumah,-,96 m2,135 m2,SHM,-
"Rp 2,7 Miliar","Kalimantan Timur, Samarinda, Loa Janan Ilir",Rumah,-,230 m2,240 m2,SHM,-
"Rp 3,9 Miliar","Kalimantan Timur, Samarinda, Samarinda Ulu",Rumah,Secondary,300 m2,345 m2,SHM,-
"Rp 1,65 Miliar","Kalimantan Timur, Samarinda, Samarinda Ulu",Rumah,-,150 m2,150 m2,SHM,-
Rp 900 Juta,"Kalimantan Timur, Samarinda, Loa Janan Ilir",Rumah,Secondary,240 m2,240 m2,SHM,-
"Rp 1,5 Miliar","Kalimantan Timur, Samarinda, Samarinda Utara",Rumah,Secondary,200 m2,298 m2,SHM,-
Rp 3 Miliar,"Kalimantan Timur, Samarinda, Samarinda Kota",Rumah,Secondary,200 m2,210 m2,SHM,-
"Rp 1,2 Miliar","Kalimantan Timur, Samarinda, Samarinda Seberang",Rumah,Secondary,260 m2,180 m2,SHM,Semi-furnished
"Rp 1,02 Miliar","Kalimantan Timur, Samarinda, Samarinda Seberang",Rumah,Secondary,94 m2,180 m2,SHM,Non-furnished
"Rp 7,6 Miliar","Kalimantan Timur, Samarinda, Samarinda Ulu",Rumah,Secondary,250 m2,225 m2,SHM,Semi-furnished
"Rp 2,5 Miliar","Kalimantan Timur, Samarinda, Samarinda Ulu",Rumah,Primary,144 m2,128 m2,HGB,Semi-furnished
"Rp 2,5 Miliar","Kalimantan Timur, Samarinda, Samarinda Ulu",Rumah,Primary,900 m2,1100 m2,HGB,Semi-furnished
"Rp 2,5 Miliar","Kalimantan Timur, Samarinda, Samarinda Kota",Rumah,Primary,165 m2,200 m2,HGB,Semi-furnished
Rp 5 Miliar,"Kalimantan Timur, Samarinda, Samarinda Utara",Rumah,Secondary,350 m2,200 m2,SHM,-
Rp 1 Miliar,"Kalimantan Timur, Samarinda, Sungai Pinang",Rumah,Secondary,136 m2,136 m2,SHM,-
Rp 690 Juta,"Kalimantan Timur, Samarinda, Samarinda Kota",Rumah,Secondary,65 m2,155 m2,SHM,Non-furnished
Rp 4 Miliar,"Kalimantan Timur, Samarinda, Samarinda Kota",Rumah,Secondary,300 m2,345 m2,SHM,-
"Rp 4,9 Miliar","Kalimantan Timur, Samarinda, Samarinda Utara",Rumah,Secondary,450 m2,300 m2,SHM,-
Rp 675 Juta,"Kalimantan Timur, Samarinda, Loa Janan Ilir",Rumah,Secondary,80 m2,120 m2,HGB,-
"Rp 2,08 Miliar","Kalimantan Timur, Samarinda, Samarinda Utara",Rumah,Primary,93 m2,140 m2,HGB,Non-furnished
"Rp 1,3 Miliar","Kalimantan Timur, Samarinda, Samarinda Utara",Rumah,Secondary,147 m2,247 m2,SHM,-
"Rp 3,5 Miliar","Kalimantan Timur, Samarinda, Sungai Pinang",Rumah,-,300 m2,200 m2,SHM,-
"
Rp 3,55 Miliar
","Kalimantan Timur, Samarinda, Sungai Kunjang",Rumah,-,240 m2,199 m2,HGB,-
"Rp 2,5 Miliar","Kalimantan Timur, Samarinda, Samarinda Kota",Rumah,Secondary,179 m2,204 m2,SHM,Semi-furnished
Rp 11 Miliar,"Kalimantan Timur, Samarinda, Samarinda Kota",Rumah,-,560 m2,450 m2,SHM,-
Rp 11 Miliar,"Kalimantan Timur, Samarinda, Sungai Pinang",Rumah,-,260 m2,460 m2,SHM,-
"Rp 1,9 Miliar","Kalimantan Timur, Samarinda, Sungai Pinang",Rumah,-,96 m2,126 m2,HGB,-
"Rp 2,76 Miliar","Kalimantan Timur, Samarinda, Sungai Pinang",Rumah,-,96 m2,147 m2,HGB,-
"Rp 1,64 Miliar","Kalimantan Timur, Samarinda, Samarinda Ulu",Rumah,-,82 m2,140 m2,HGB,-
"Rp 1,8 Miliar","Kalimantan Timur, Samarinda, Samarinda Ilir",Rumah,Secondary,156 m2,191 m2,SHM,Non-furnished
"Rp 2,08 Miliar","Kalimantan Timur, Samarinda, Samarinda Utara",Rumah,Primary,93 m2,140 m2,HGB,Non-furnished
"Rp 3,56 Miliar","Kalimantan Timur, Samarinda, Samarinda Utara",Rumah,Primary,197 m2,225 m2,HGB,Non-furnished
"Rp 2,3 Miliar","Kalimantan Timur, Samarinda, Samarinda Ulu",Rumah,Secondary,250 m2,181 m2,SHM,-
Rp 600 Juta,"Kalimantan Timur, Samarinda, Samarinda Seberang",Rumah,Secondary,90 m2,105 m2,SHM,-
"Rp 1,55 Miliar","Kalimantan Timur, Samarinda, Samarinda Ulu",Rumah,Secondary,120 m2,144 m2,SHM,-
Rp 28 Miliar,"Kalimantan Timur, Samarinda, Sungai Pinang",Rumah,Secondary,216 m2,2324 m2,SHM,Non-furnished
Rp 700 Juta,"Kalimantan Timur, Samarinda, Sungai Pinang",Rumah,-,108 m2,108 m2,SHM,-
"Rp 1,6 Miliar","Kalimantan Timur, Samarinda, Samarinda Utara",Rumah,Secondary,90 m2,226 m2,SHM,Non-furnished
Rp 750 Juta,"Kalimantan Timur, Samarinda, Samarinda Kota",Rumah,Secondary,112 m2,72 m2,SHM,-
"Rp 4,5 Miliar","Kalimantan Timur, Samarinda, Loa Janan Ilir",Rumah,-,329 m2,885 m2,SHM,-
"Rp 1,5 Miliar","Kalimantan Timur, Samarinda, Samarinda Utara",Rumah,-,241 m2,250 m2,SHM,-
Rp 3 Miliar,"Kalimantan Timur, Samarinda, Samarinda Ulu",Rumah,Secondary,320 m2,190 m2,SHM,-
Rp 6 Miliar,"Kalimantan Timur, Samarinda, Samarinda Ulu",Rumah,-,1400 m2,625 m2,SHM,-
"Rp 3,5 Miliar","Kalimantan Timur, Samarinda, Sungai Pinang",Rumah,-,369 m2,203 m2,SHM,-
Rp 7 Miliar,"Kalimantan Timur, Samarinda, Loa Janan Ilir",Rumah,-,800 m2,1075 m2,SHM,-
"Rp 2,5 Miliar","Kalimantan Timur, Samarinda, Samarinda Ulu",Rumah,Secondary,285 m2,300 m2,SHM,-
"Rp 3,7 Miliar","Kalimantan Timur, Samarinda, Sungai Pinang",Rumah,Secondary,190 m2,196 m2,SHM,Fully-furnished
"Rp 1,45 Miliar","Kalimantan Timur, Samarinda, Samarinda Utara",Rumah,Secondary,200 m2,210 m2,SHM,-
"Rp 1,7 Miliar","Kalimantan Timur, Samarinda, Sungai Pinang",Rumah,-,128 m2,128 m2,SHM,-
Rp 5 Miliar,"Kalimantan Timur, Samarinda, Sungai Pinang",Rumah,-,200 m2,289 m2,SHM,-
"Rp 2,5 Miliar","Kalimantan Timur, Samarinda, Samarinda Ulu",Rumah,-,240 m2,240 m2,SHM,-
"Rp 2,5 Miliar","Kalimantan Timur, Samarinda, Samarinda Ulu",Rumah,-,0 m2,240 m2,SHM,-
Rp 1 Miliar,"Kalimantan Timur, Samarinda, Samarinda Utara",Rumah,-,160 m2,200 m2,SHM,-
Rp 600 Juta,"Kalimantan Timur, Samarinda, Sungai Kunjang",Rumah,-,49 m2,120 m2,HGB,-
"Rp 3,8 Miliar","Kalimantan Timur, Samarinda, Samarinda Ulu",Rumah,-,320 m2,280 m2,SHM,-
Rp 850 Juta,"Kalimantan Timur, Samarinda, Samarinda Ulu",Rumah,-,104 m2,170 m2,Lain-lain,-
"Rp 1,8 Miliar","Kalimantan Timur, Samarinda, Sungai Pinang",Rumah,Secondary,300 m2,200 m2,SHM,-
"Rp 1,62 Miliar","Kalimantan Timur, Samarinda, Samarinda Ulu",Rumah,Primary,84 m2,105 m2,HGB,Non-furnished
"Rp 2,08 Miliar","Kalimantan Timur, Samarinda, Samarinda Utara",Rumah,Primary,93 m2,140 m2,HGB,Non-furnished
"Rp 3,8 Miliar","Kalimantan Timur, Samarinda, Samarinda Kota",Rumah,-,385 m2,391 m2,SHM,-
Rp 980 Juta,"Kalimantan Timur, Samarinda, Samarinda Seberang",Rumah,-,150 m2,150 m2,SHM,-
Rp 6 Miliar,"Kalimantan Timur, Samarinda, Samarinda Seberang",Rumah,-,518 m2,518 m2,SHM,-
Rp 490 Juta,"Kalimantan Timur, Samarinda, Sungai Kunjang",Rumah,Secondary,45 m2,91 m2,SHM,Non-furnished
Rp 400 Juta,"Kalimantan Timur, Samarinda, Samarinda Utara",Rumah,Secondary,38 m2,75 m2,SHM,-
"Rp 3,56 Miliar","Kalimantan Timur, Samarinda, Samarinda Utara",Rumah,Secondary,197 m2,225 m2,SHM,Non-furnished
"Rp 1,1 Miliar","Kalimantan Timur, Samarinda, Samarinda Kota",Rumah,-,128 m2,128 m2,SHM,-
Rp 875 Juta,"Kalimantan Timur, Samarinda, Samarinda Kota",Rumah,Secondary,98 m2,98 m2,SHM,Non-furnished
"Rp 2,3 Miliar","Kalimantan Timur, Samarinda, Samarinda Kota",Rumah,-,20 m2,20 m2,SHM,-
"Rp 2,7 Miliar","Kalimantan Timur, Samarinda, Samarinda Seberang",Rumah,-,15 m2,10 m2,SHM,-
"Rp 2,3 Miliar","Kalimantan Timur, Samarinda, Samarinda Kota",Rumah,-,250 m2,163 m2,SHM,-
"Rp 1,75 Miliar","Kalimantan Timur, Samarinda, Samarinda Seberang",Rumah,-,250 m2,258 m2,SHM,-
"Rp 2,1 Miliar","Kalimantan Timur, Samarinda, Sungai Kunjang",Rumah,Secondary,200 m2,205 m2,SHM,Non-furnished
Rp 750 Juta,"Kalimantan Timur, Samarinda, Samarinda Seberang",Rumah,Secondary,228 m2,228 m2,SHM,Semi-furnished
"Rp 1,25 Miliar","Kalimantan Timur, Samarinda, Sungai Pinang",Rumah,Secondary,120 m2,144 m2,SHM,Non-furnished
"Rp 958,11 Juta","Kalimantan Timur, Samarinda, Samarinda Seberang",Rumah,-,57 m2,120 m2,HGB,-
"Rp 1,65 Miliar","Kalimantan Timur, Samarinda, Sungai Pinang",Rumah,-,120 m2,105 m2,SHM,-
"Rp 2,08 Miliar","Kalimantan Timur, Samarinda, Sungai Pinang",Rumah,Primary,93 m2,140 m2,SHM,Non-furnished
"Rp 2,2 Miliar","Kalimantan Timur, Samarinda, Sungai Pinang",Rumah,Secondary,180 m2,200 m2,SHM,Non-furnished
"Rp 1,57 Miliar","Kalimantan Timur, Samarinda, Loa Janan Ilir",Rumah,Primary,110 m2,215 m2,HGB,Non-furnished
"
Rp 800 Juta
","Kalimantan Timur, Samarinda, Sambutan",Rumah,-,63 m2,200 m2,Lain-lain,-
"Rp 1,2 Miliar","Kalimantan Timur, Samarinda, Samarinda Ulu",Rumah,-,200 m2,200 m2,SHM,-
Rp 750 Juta,"Kalimantan Timur, Samarinda, Sungai Kunjang",Rumah,Secondary,38 m2,90 m2,HGB,Non-furnished
Rp 1 Miliar Rp 45 Juta,"Kalimantan Timur, Samarinda, Sungai Pinang",Rumah,Secondary,100 m2,119 m2,HGB,-
Rp 400 Juta,"Kalimantan Timur, Samarinda, Samarinda Kunjang",Rumah,-,50 m2,100 m2,SHM,-
"Rp 2,4 Miliar","Kalimantan Timur, Samarinda, Samarinda Kota",Rumah,Secondary,225 m2,300 m2,SHM,Semi-furnished
Rp 6 Miliar,"Kalimantan Timur, Samarinda, Samarinda Ilir",Rumah,Secondary,542 m2,542 m2,SHM,-
Rp 3 Miliar,"Kalimantan Timur, Samarinda, Sungai Pinang",Rumah,Secondary,100 m2,144 m2,SHM,-
"Rp 3,8 Miliar","Kalimantan Timur, Samarinda, Samarinda Kota",Rumah,Secondary,200 m2,265 m2,SHM,Semi-furnished
Rp 550 Juta,"Kalimantan Timur, Samarinda, Sungai Kunjang",Rumah,Secondary,70 m2,102 m2,SHM,Non-furnished
"Rp 1,1 Miliar","Kalimantan Timur, Samarinda, Samarinda Ulu",Rumah,-,102 m2,157 m2,SHM,-
Rp 7 Miliar,"Kalimantan Timur, Samarinda, Samarinda Ulu",Rumah,-,60 m2,75 m2,SHM,-
Rp 820 Juta,"Kalimantan Timur, Samarinda, Samarinda Ilir",Rumah,Secondary,144 m2,120 m2,SHM,-
"Rp 4,9 Miliar","Kalimantan Timur, Samarinda, Samarinda Utara",Rumah,Secondary,375 m2,300 m2,SHM,-
"Rp 1,11 Miliar","Kalimantan Timur, Samarinda, Sungai Pinang",Rumah,-,59 m2,105 m2,SHM,-
"Rp 1,57 Miliar","Kalimantan Timur, Samarinda, Sungai Pinang",Rumah,-,59 m2,207 m2,SHM,-
"Rp 1,65 Miliar","Kalimantan Timur, Samarinda, Sungai Pinang",Rumah,-,122 m2,128 m2,SHM,-
"Rp 1,54 Miliar","Kalimantan Timur, Samarinda, Sungai Pinang",Rumah,-,45 m2,140 m2,HGB,-
Rp 560 Juta,"Kalimantan Timur, Samarinda, Loa Janan Ilir",Rumah,-,39 m2,72 m2,HGB,-
"Rp 1,12 Miliar","Kalimantan Timur, Samarinda, Sungai Pinang",Rumah,-,45 m2,126 m2,HGB,-
Rp 921 Juta,"Kalimantan Timur, Samarinda, Sungai Pinang",Rumah,-,34 m2,96 m2,HGB,-
"Rp 1,06 Miliar","Kalimantan Timur, Samarinda, Samarinda Ulu",Rumah,-,45 m2,108 m2,HGB,-
Rp 697 Juta,"Kalimantan Timur, Samarinda, Loa Janan Ilir",Rumah,-,45 m2,105 m2,HGB,-
Rp 750 Juta,"Kalimantan Timur, Samarinda, Loa Janan Ilir",Rumah,-,45 m2,119 m2,HGB,-
Rp 958 Juta,"Kalimantan Timur, Samarinda, Loa Janan Ilir",Rumah,-,57 m2,120 m2,HGB,-
"Rp 1,21 Miliar","Kalimantan Timur, Samarinda, Loa Janan Ilir",Rumah,-,57 m2,160 m2,HGB,-
"Rp 3,8 Miliar","Kalimantan Timur, Samarinda, Samarinda Ulu",Rumah,-,105.5 m2,317 m2,SHM,-
"Rp 1,2 Miliar","Kalimantan Timur, Samarinda, Sungai Pinang",Rumah,-,256 m2,400 m2,Lain-lain,-
Rp 450 Juta,"Kalimantan Timur, Samarinda, Samarinda Utara",Rumah,-,72 m2,187 m2,SHM,-
"Rp 551,94 Juta","Kalimantan Timur, Samarinda, Loa Janan Ilir",Rumah,-,36 m2,90 m2,HGB,-
"Rp 581,09 Juta","Kalimantan Timur, Samarinda, Loa Janan Ilir",Rumah,-,36 m2,102 m2,HGB,-
"Rp 704,35 Juta","Kalimantan Timur, Samarinda, Loa Janan Ilir",Rumah,-,38 m2,108 m2,HGB,-
"Rp 739,35 Juta","Kalimantan Timur, Samarinda, Sungai Pinang",Rumah,Primary,55 m2,72 m2,SHM,-
"Rp 1,16 Miliar","Kalimantan Timur, Samarinda, Sungai Pinang",Rumah,-,55 m2,107 m2,SHM,-
"Rp 1,01 Miliar","Kalimantan Timur, Samarinda, Sungai Pinang",Rumah,-,45 m2,126 m2,SHM,-
"Rp 1,17 Miliar","Kalimantan Timur, Samarinda, Sungai Pinang",Rumah,-,45 m2,162 m2,SHM,-
"Rp 1,32 Miliar","Kalimantan Timur, Samarinda, Sungai Pinang",Rumah,-,45 m2,199 m2,SHM,-
"Rp 1,64 Miliar","Kalimantan Timur, Samarinda, Sungai Pinang",Rumah,-,45 m2,278 m2,SHM,-
Rp 840 Juta,"Kalimantan Timur, Samarinda, Sungai Pinang",Rumah,-,34 m2,96 m2,SHM,-
"Rp 1,2 Miliar","Kalimantan Timur, Samarinda, Sungai Pinang",Rumah,-,34 m2,185 m2,SHM,-
"Rp 1,06 Miliar","Kalimantan Timur, Samarinda, Sungai Pinang",Rumah,-,34 m2,150 m2,SHM,-
"Rp 1,3 Miliar","Kalimantan Timur, Samarinda, Sungai Pinang",Rumah,-,59 m2,119 m2,SHM,-
"Rp 1,2 Miliar","Kalimantan Timur, Samarinda, Sungai Pinang",Rumah,-,59 m2,95 m2,SHM,-
Rp 2 Miliar,"Kalimantan Timur, Samarinda, Sungai Pinang",Rumah,Secondary,160 m2,105 m2,HGB,Semi-furnished
Rp 650 Juta,"Kalimantan Timur, Samarinda, Samarinda Ulu",Rumah,-,60 m2,90 m2,SHM,-
"Rp 1,4 Miliar","Kalimantan Timur, Samarinda, Samarinda Utara",Rumah,-,190 m2,75 m2,SHM,-
"Rp 1,9 Miliar","Kalimantan Timur, Samarinda, Sungai Pinang",Rumah,-,96 m2,126 m2,HGB,-
"Rp 2,76 Miliar","Kalimantan Timur, Samarinda, Sungai Pinang",Rumah,-,96 m2,147 m2,HGB,-
"Rp 3,7 Miliar","Kalimantan Timur, Samarinda, Samarinda Kota",Rumah,-,245 m2,480 m2,SHM,-
Rp 500 Juta,"Kalimantan Timur, Samarinda, Sungai Kunjang",Rumah,-,75 m2,120 m2,HGB,-
"Rp 1,3 Miliar","Kalimantan Timur, Samarinda, Samarinda Ulu",Rumah,Secondary,140 m2,75 m2,SHM,Semi-furnished
Rp 900 Juta,"Kalimantan Timur, Samarinda, Samarinda Utara",Rumah,-,72 m2,120 m2,SHM,-
"Rp 1,9 Miliar","Kalimantan Timur, Samarinda, Samarinda Ulu",Rumah,Secondary,75 m2,131 m2,SHM,-
Rp 10 Miliar,"Kalimantan Timur, Samarinda, Samarinda Ulu",Rumah,Secondary,220 m2,706 m2,SHM,-
Rp 548 Juta,"Kalimantan Timur, Samarinda, Samarinda Seberang",Rumah,Primary,27 m2,84 m2,HGB,-
Rp 700 Juta,"Kalimantan Timur, Samarinda, Sungai Pinang",Rumah,Secondary,200 m2,200 m2,SHM,Semi-furnished
"Rp 1,2 Miliar","Kalimantan Timur, Samarinda, Samarinda Seberang",Rumah,Primary,87 m2,120 m2,HGB,-
Rp 964 Juta,"Kalimantan Timur, Samarinda, Samarinda Seberang",Rumah,Primary,54 m2,120 m2,HGB,-
"Rp 2,08 Miliar","Kalimantan Timur, Samarinda, Sungai Pinang",Rumah,Primary,93 m2,140 m2,HGB,Non-furnished
Rp 725 Juta,"Kalimantan Timur, Samarinda, Sungai Pinang",Rumah,Secondary,80 m2,120 m2,SHM,Non-furnished
"Rp 1,99 Miliar","Kalimantan Timur, Samarinda, Sungai Pinang",Rumah,Primary,96 m2,126 m2,SHM,-
Rp 525 Juta,"Kalimantan Timur, Samarinda, Samarinda Utara",Rumah,Secondary,36 m2,119 m2,SHM,-
Rp 3 Miliar,"Kalimantan Timur, Samarinda, Samarinda Ilir",Rumah,Secondary,170 m2,178 m2,SHM,-
"Rp 5,08 Miliar","Kalimantan Timur, Samarinda, Samarinda Utara",Rumah,-,201 m2,382 m2,HGB,-
"Rp 1,89 Miliar","Kalimantan Timur, Samarinda, Samarinda Utara",Rumah,-,93 m2,140 m2,HGB,-
"Rp 1,3 Miliar","Kalimantan Timur, Samarinda, Samarinda Kota",Rumah,-,170 m2,267 m2,SHM,-
"Rp 621,04 Juta","Kalimantan Timur, Samarinda, Loa Janan Ilir",Rumah,-,45 m2,105 m2,PPJB,-
"Rp 853,67 Juta","Kalimantan Timur, Samarinda, Loa Janan Ilir",Rumah,-,57 m2,120 m2,PPJB,-
Rp 3 Miliar,"Kalimantan Timur, Samarinda, Sungai Pinang",Rumah,-,271 m2,271 m2,SHM,-
"Rp 2,8 Miliar","Kalimantan Timur, Samarinda, Sungai Pinang",Rumah,-,112 m2,256 m2,SHM,-
"Rp 2,5 Miliar","Kalimantan Timur, Samarinda, Samarinda Ulu",Rumah,-,210 m2,163 m2,SHM,-
"Rp 2,5 Miliar","Kalimantan Timur, Samarinda, Samarinda Ulu",Rumah,-,160 m2,200 m2,SHM,-
"Rp 2,5 Miliar","Kalimantan Timur, Samarinda, Sungai Pinang",Rumah,-,229 m2,200 m2,SHM,-
Rp 548 Juta,"Kalimantan Timur, Samarinda, Loa Janan Ilir",Rumah,Primary,27 m2,84 m2,HGB,-
"Rp 1,67 Miliar","Kalimantan Timur, Samarinda, Loa Janan Ilir",Rumah,Primary,110 m2,215 m2,HGB,-
Rp 975 Juta Rp 40 Juta,"Kalimantan Timur, Samarinda, Samarinda Seberang",Rumah,Secondary,66 m2,108 m2,HGB,Non-furnished
"Rp 1,1 Miliar","Kalimantan Timur, Samarinda, Samarinda Kota",Rumah,-,100 m2,167 m2,SHM,-
Rp 8 Miliar,"Kalimantan Timur, Samarinda, Loa Janan Ilir",Rumah,-,700 m2,1745 m2,Lain-lain,-
"Rp 2,5 Miliar","Kalimantan Timur, Samarinda, Sungai Pinang",Rumah,-,150 m2,200 m2,SHM,-
"Rp 2,5 Miliar","Kalimantan Timur, Samarinda, Samarinda Ulu",Rumah,Secondary,250 m2,163 m2,SHM,Fully-furnished
"Rp 1,4 Miliar","Kalimantan Timur, Samarinda, Samarinda Ulu",Rumah,Primary,69 m2,103 m2,HGB,Non-furnished
Rp 600 Juta Rp 38 Juta,"Kalimantan Timur, Samarinda, Samarinda Seberang",Rumah,Secondary,90 m2,120 m2,SHM,-
Rp 8 Miliar,"Kalimantan Timur, Samarinda, Samarinda Utara",Rumah,Secondary,270 m2,225 m2,SHM,-
Rp 400 Juta,"Kalimantan Timur, Samarinda, Samarinda Ulu",Rumah,-,105 m2,117 m2,HGB,-
Rp 420 Juta,"Kalimantan Timur, Samarinda, Samarinda Utara",Rumah,-,54 m2,81 m2,SHM,-
"Rp 2,5 Miliar Rp 90 Juta","Kalimantan Timur, Samarinda, Samarinda Utara",Rumah,Secondary,300 m2,180 m2,SHM,Semi-furnished
"Rp 1,55 Miliar","Kalimantan Timur, Samarinda, Samarinda Ulu",Rumah,-,208 m2,208 m2,SHM,-
Rp 850 Juta,"Kalimantan Timur, Samarinda, Samarinda Utara",Rumah,-,70 m2,124 m2,SHM,-
"Rp 2,95 Miliar","Kalimantan Timur, Samarinda, Samarinda Ulu",Rumah,-,200 m2,200 m2,SHM,-
"Rp 1,9 Miliar","Kalimantan Timur, Samarinda, Sungai Pinang",Rumah,-,96 m2,126 m2,HGB,-
Rp 900 Juta,"Kalimantan Timur, Samarinda, Samarinda Utara",Rumah,-,120 m2,277 m2,SHM,-
Rp 500 Juta Rp 25 Juta,"Kalimantan Timur, Samarinda, Samarinda Seberang",Rumah,Secondary,36 m2,72 m2,SHM,Non-furnished
"Rp 1,25 Triliun Rp 50 Juta","Kalimantan Timur, Samarinda, Sungai Pinang",Rumah,Secondary,100 m2,120 m2,SHM,-
Rp 650 Juta,"Kalimantan Timur, Samarinda, Loa Janan Ilir",Rumah,-,81 m2,81 m2,SHM,-
"Rp 1,8 Miliar","Kalimantan Timur, Samarinda, Samarinda Ulu",Rumah,Secondary,150 m2,280 m2,SHM,Fully-furnished
"Rp 1,9 Miliar","Kalimantan Timur, Samarinda, Samarinda Ulu",Rumah,Secondary,334 m2,370 m2,SHM,Non-furnished
"Rp 1,1 Miliar","Kalimantan Timur, Samarinda, Samarinda Ulu",Rumah,Secondary,150 m2,180 m2,SHM,-
"Rp 1,1 Miliar","Kalimantan Timur, Samarinda, Sungai Kunjang",Rumah,Secondary,80 m2,240 m2,Lain-lain,Non-furnished
"Rp 786,5 Juta","Kalimantan Timur, Samarinda, Samarinda Ulu",Rumah,Primary,60 m2,80 m2,SHM,Non-furnished
"Rp 1,62 Miliar","Kalimantan Timur, Samarinda, Samarinda Utara",Rumah,Primary,84 m2,105 m2,HGB,Non-furnished
"Rp 1,99 Miliar","Kalimantan Timur, Samarinda, Samarinda Utara",Rumah,Primary,96 m2,126 m2,HGB,-
Rp 1 Miliar,"Kalimantan Timur, Samarinda, Samarinda Ulu",Rumah,Primary,38 m2,98 m2,HGB,Non-furnished
"Rp 2,7 Miliar","Kalimantan Timur, Samarinda, Samarinda Ulu",Rumah,Primary,144 m2,128 m2,HGB,-
Rp 950 Juta,"Kalimantan Timur, Samarinda, Samarinda Utara",Rumah,Secondary,54 m2,300 m2,SHM,-
Rp 816 Juta,"Kalimantan Timur, Samarinda, Loa Janan Ilir",Rumah,Primary,48 m2,105 m2,HGB,-
Rp 3 Miliar,"Kalimantan Timur, Samarinda, Sungai Kunjang",Rumah,-,230 m2,240 m2,SHM,-
Rp 12 Miliar,"Kalimantan Timur, Samarinda, Sungai Pinang",Rumah,-,253 m2,450 m2,SHM,-
"Rp 2,5 Miliar","Kalimantan Timur, Samarinda, Samarinda Kota",Rumah,Secondary,234 m2,336 m2,SHM,-
"Rp 1,2 Miliar","Kalimantan Timur, Samarinda, Sungai Pinang",Rumah,-,45 m2,84 m2,HGB,-
Rp 950 Juta,"Kalimantan Timur, Samarinda, Samarinda Utara",Rumah,-,128 m2,154 m2,SHM,-
"Rp 1,3 Miliar","Kalimantan Timur, Samarinda, Samarinda Ulu",Rumah,-,60 m2,200 m2,SHM,-
"Rp 4,9 Miliar","Kalimantan Timur, Samarinda, Samarinda Kota",Rumah,Secondary,460 m2,300 m2,SHM,-
"Rp 2,5 Miliar","Kalimantan Timur, Samarinda, Palaran",Rumah,Secondary,100 m2,1596 m2,SHM,-
Rp 750 Juta,"Kalimantan Timur, Samarinda, Samarinda Seberang",Rumah,-,112 m2,115 m2,SHM,-
Rp 600 Juta,"Kalimantan Timur, Samarinda, Samarinda Utara",Rumah,Secondary,36 m2,259 m2,SHM,-
"Rp 1,15 Miliar","Kalimantan Timur, Samarinda, Samarinda Kota",Rumah,-,90 m2,133 m2,SHM,-
"Rp 3,24 Miliar","Kalimantan Timur, Samarinda, Samarinda Utara",Rumah,-,197 m2,225 m2,HGB,-
"Rp 2,71 Miliar","Kalimantan Timur, Samarinda, Samarinda Utara",Rumah,-,186 m2,180 m2,HGB,-
"Rp 1,1 Miliar","Kalimantan Timur, Samarinda, Sungai Kunjang",Rumah,Secondary,104 m2,200 m2,SHM,-
Rp 850 Juta,"Kalimantan Timur, Samarinda, Palaran",Rumah,Secondary,156 m2,450 m2,SHM,-
"Rp 1,5 Miliar","Kalimantan Timur, Samarinda, Samarinda Seberang",Rumah,-,108 m2,108 m2,SHM,-
Rp 900 Juta Rp 50 Juta,"Kalimantan Timur, Samarinda, Loa Janan Ilir",Rumah,-,38 m2,90 m2,SHM,-
"Rp 1,35 Miliar","Kalimantan Timur, Samarinda, Samarinda Utara",Rumah,-,93 m2,176 m2,SHM,-
"Rp 2,1 Miliar Rp 80 Juta","Kalimantan Timur, Samarinda, Samarinda Ulu",Rumah,Secondary,196 m2,98 m2,SHM,-
"Rp 1,2 Miliar","Kalimantan Timur, Samarinda, Sambutan",Rumah,-,415 m2,600 m2,Lain-lain,-
"Rp 1,55 Miliar","Kalimantan Timur, Samarinda, Sungai Kunjang",Rumah,Secondary,115 m2,260 m2,SHM,-
"Rp 2,75 Miliar","Kalimantan Timur, Samarinda, Samarinda Utara",Rumah,Secondary,225 m2,144 m2,SHM,-
Rp 650 Juta,"Kalimantan Timur, Samarinda, Samarinda Kota",Rumah,Secondary,120 m2,120 m2,SHM,Non-furnished
"Rp 920,99 Juta","Kalimantan Timur, Samarinda, Samarinda Utara",Rumah,Primary,34 m2,96 m2,HGB,-
"Rp 3,7 Miliar","Kalimantan Timur, Samarinda, Samarinda Ulu",Rumah,Secondary,210 m2,320 m2,SHM,Non-furnished
"Rp 1,2 Miliar","Kalimantan Timur, Samarinda, Samarinda Kota",Rumah,Secondary,154 m2,270 m2,SHM,Fully-furnished
"Rp 1,2 Miliar","Kalimantan Timur, Samarinda, Samarinda Utara",Rumah,Secondary,200 m2,200 m2,SHM,Fully-furnished
"Rp 1,2 Miliar","Kalimantan Timur, Samarinda, Samarinda Kota",Rumah,Secondary,300 m2,400 m2,SHM,Fully-furnished
"Rp 2,5 Miliar","Kalimantan Timur, Samarinda, Samarinda Kota",Rumah,Secondary,450 m2,390 m2,SHM,Non-furnished
"Rp 3,5 Miliar","Kalimantan Timur, Samarinda, Samarinda Kota",Rumah,Secondary,200 m2,204 m2,SHM,-
"Rp 2,7 Miliar","Kalimantan Timur, Samarinda, Samarinda Ulu",Rumah,Primary,144 m2,128 m2,SHM,-
"Rp 3,6 Miliar","Kalimantan Timur, Samarinda, Samarinda Ulu",Rumah,Primary,165 m2,200 m2,SHM,Non-furnished
"Rp 2,8 Miliar","Kalimantan Timur, Samarinda, Samarinda Seberang",Rumah,-,120 m2,160 m2,SHM,-
"Rp 1,9 Miliar","Kalimantan Timur, Samarinda, Samarinda Kota",Rumah,Primary,88 m2,156 m2,HGB,Non-furnished
"Rp 1,4 Miliar","Kalimantan Timur, Samarinda, Samarinda Kota",Rumah,Primary,69 m2,103 m2,HGB,Non-furnished
Rp 850 Juta,"Kalimantan Timur, Samarinda, Samarinda Utara",Rumah,Secondary,100 m2,150 m2,SHM,Non-furnished
"Rp 3,96 Miliar","Kalimantan Timur, Samarinda, Samarinda Kota",Rumah,-,390 m2,390 m2,SHM,-
"Rp 1,25 Miliar","Kalimantan Timur, Samarinda, Samarinda Utara",Rumah,-,248 m2,350 m2,SHM,-
"Rp 1,7 Miliar","Kalimantan Timur, Samarinda, Samarinda Ulu",Rumah,-,167 m2,281 m2,SHM,-
"Rp 3,8 Miliar","Kalimantan Timur, Samarinda, Samarinda Ulu",Rumah,-,180 m2,333 m2,SHM,-
Rp 1 Miliar,"Kalimantan Timur, Samarinda, Samarinda Kota",Rumah,-,45 m2,120 m2,SHM,-
Rp 25 Miliar,"Kalimantan Timur, Samarinda, Samarinda Ulu",Rumah,-,700 m2,1349 m2,SHM,-
Rp 4 Miliar,"Kalimantan Timur, Samarinda, Samarinda Ulu",Rumah,-,1602 m2,460 m2,SHM,-
"Rp 2,8 Miliar","Kalimantan Timur, Samarinda, Samarinda Kota",Rumah,Secondary,154 m2,319 m2,SHM,-
Rp 950 Juta,"Kalimantan Timur, Samarinda, Samarinda Kota",Rumah,-,100 m2,117 m2,SHM,-
"Rp 1,15 Miliar Rp 45 Juta","Kalimantan Timur, Samarinda, Sungai Pinang",Rumah,Secondary,90 m2,112 m2,SHM,Non-furnished
"Rp 1,25 Miliar","Kalimantan Timur, Samarinda, Sungai Kunjang",Rumah,Secondary,128 m2,415 m2,SHM,-
"Rp 1,3 Miliar","Kalimantan Timur, Samarinda, Samarinda Kota",Rumah,Secondary,144 m2,200 m2,SHM,Non-furnished
Rp 6 Miliar,"Kalimantan Timur, Samarinda, Samarinda Ulu",Rumah,-,200 m2,240 m2,SHM,-
Rp 950 Juta Rp 45 Juta,"Kalimantan Timur, Samarinda, Samarinda Utara",Rumah,Secondary,65 m2,96 m2,SHM,Fully-furnished
Rp 900 Juta,"Kalimantan Timur, Samarinda, Samarinda Utara",Rumah,Secondary,140 m2,240 m2,SHM,-
Rp 650 Juta,"Kalimantan Timur, Samarinda, Samarinda Ulu",Rumah,Primary,60 m2,80 m2,SHM,Non-furnished
Rp 3 Miliar,"Kalimantan Timur, Samarinda, Palaran",Rumah,-,348 m2,1200 m2,SHM,-
"Rp 1,4 Miliar","Kalimantan Timur, Samarinda, Samarinda Ulu",Rumah,Secondary,160 m2,144 m2,SHM,-
Rp 800 Juta,"Kalimantan Timur, Samarinda, Samarinda Kunjang",Rumah,-,150 m2,200 m2,SHM,-
"Rp 1,6 Miliar","Kalimantan Timur, Samarinda, Samarinda Ulu",Rumah,-,65 m2,138 m2,SHM,-
"Rp 2,5 Miliar","Kalimantan Timur, Samarinda, Samarinda Kota",Rumah,-,103 m2,200 m2,SHM,-
"Rp 3,1 Miliar","Kalimantan Timur, Samarinda, Samarinda Utara",Rumah,-,300 m2,420 m2,SHM,-
Rp 580 Juta,"Kalimantan Timur, Samarinda, Loa Janan Ilir",Rumah,-,150 m2,150 m2,SHM,-
Rp 600 Juta Rp 55 Juta,"Kalimantan Timur, Samarinda, Samarinda Utara",Rumah,Secondary,120 m2,132 m2,SHM,Semi-furnished
Rp 500 Juta,"Kalimantan Timur, Samarinda, Samarinda Ilir",Rumah,-,96 m2,165 m2,Lain-lain,-
"Rp 1,3 Miliar Rp 40 Juta","Kalimantan Timur, Samarinda, Sungai Pinang",Rumah,-,59 m2,90 m2,HGB,-
"Rp 2,8 Miliar","Kalimantan Timur, Samarinda, Samarinda Kota",Rumah,Secondary,135 m2,181 m2,SHM,-
"Rp 2,35 Miliar","Kalimantan Timur, Samarinda, Sungai Pinang",Rumah,-,233 m2,162 m2,SHM,-
Rp 675 Juta,"Kalimantan Timur, Samarinda, Sungai Kunjang",Rumah,-,124.1 m2,200 m2,Lain-lain,-
"Rp 1,5 Miliar","Kalimantan Timur, Samarinda, Sungai Pinang",Rumah,-,96 m2,180 m2,HGB,-
"Rp 1,1 Miliar","Kalimantan Timur, Samarinda, Sungai Pinang",Rumah,-,140 m2,300 m2,SHM,-
"Rp 1,65 Miliar","Kalimantan Timur, Samarinda, Samarinda Ulu",Rumah,-,210 m2,130 m2,SHM,-
Rp 10 Miliar,"Kalimantan Timur, Samarinda, Samarinda Ulu",Rumah,-,494 m2,494 m2,SHM,-
Rp 720 Juta,"Kalimantan Timur, Samarinda, Samarinda Ulu",Rumah,-,136 m2,136 m2,SHM,-
Rp 810 Juta,"Kalimantan Timur, Samarinda, Samarinda Seberang",Rumah,Secondary,187 m2,187 m2,SHM,-
"Rp 1,5 Miliar","Kalimantan Timur, Samarinda, Sungai Pinang",Rumah,-,125 m2,140 m2,SHM,-
